"COMMAND","TEXT","AUTHOR","CREATED",
"banana","üçå","spock",2020-12-23 15:05:01.048922000,
"nobodyswatching","I violated the constraint","sp0ck1",2021-01-30 00:41:23.303135000,
"kumameme","I'm saying it is straight up not possible. You could tone it down just a bit by using light arrows to stun him and it still being very hard. As it is, Ganon is stronger than Ganondorf. There is simply not enough power in the Goron sword to keep up with the MASTER SWORD. 100% fact, not just me complaining, promise.","hydromedia",2021-02-06 02:16:05.231962000,
"sp0cktober","ITS SP0CKTOBER üëæüéÉ U KNO WHAT THAT MEANS? üëÄü¶Ü DUCKDODGERS AWARENES MONTH üòØü¶Ü SEND THIS TO 12 OF UR CLOSET GAMERS üë≠üéÆ THAT LOV THAT DUCK ü¶Üüí¶ TRUCKOWEEN üéÉ IS UPON US!FORWARD THIS TO SEVEN OF THE GIRTHIEST ü•ñGOLFERS üèåÔ∏è‚ôÇÔ∏è THAT YOU KNO WILL GET SOME üëâ‚õ≥Ô∏è SOON! IF U DONT, BE PREPARE üë¥ FO üá≥ üá∏ üáÆ üáΩ üáπ üáæ üá´ üá¥ üá∫ üá∑ DAYS OF BAD MANIA ‚ö†Ô∏è","sp0ck1",2021-02-06 07:10:41.630518000,
"!link","I'm Link (he/him) A Hylian hero with a sleep schedule that doesn't exist. I'm in a lot of video games and I'm a big sports fan (mainly horseback riding and archery). I'm mostly known around here for saving the kingdom of Hyrule and having a fairy named Navi but I have mostly stopped doing that over the last year.","giga_7k",2021-02-10 01:01:14.722736000,
"!link2","I'm Link (he/him) A Hylian hero with a sleep schedule that doesn't exist. I'm in a lot of video games and I'm a big sports fan (mainly horseback riding and archery). I'm mostly known around here for saving the kingdom of Hyrule and having a fairy named Navi but I have mostly stopped doing that over the last year.","giga_7k",2021-02-10 22:01:02.514355000,
"hltb‚ÄÑpok√©mon","You could probably beat Pok√©mon Puzzle League in 12 minutes, sg4e. I know you're a gamer!","sg4e",2021-03-02 10:46:24.796281000,
"nynorsk","Why have one langauge when you can have two languages that are mostly the same?","daro16",2021-03-04 21:04:39.056104000,
"survey","Take this quick 10 question survey to let me know what you think about this stream for my one year anniversary! https://forms.gle/D9vrgz8HfGBuGoyz5","spock",2021-03-18 22:14:42.953549000,
"vandal","As a person, Estelle is a rather naive and straightforward girl who is always energetic and positive. She is very proactive, somewhat of boyish in appearance and attitude, and has a ""hit first and ask later"" attitude.","vandal00",2021-05-02 05:35:32.545429000,
"longago","This is the story of a time long ago ‚Äì a time of myth and legend. When the ancient gods were petty and cruel, and they plagued mankind with suffering, only one man dared to challenge their power ‚Äì Hercules. Hercules possessed a strength the world had never seen ‚Äì a strength surpassed only by the power of his heart. He journeyed the Earth ‚Äì battling the minions of his wicked stepmother, Hera, the all-powerful queen of the gods. But wherever there was evil, wherever an innocent would suffer, there would be Hercules.","spock",2021-08-17 00:38:25.823829000,
"thanksfor","Tak for dit follow, %s! H√•ber du nyder din tid her! üòÑ","spock",2021-11-04 21:53:09.219273000,
"tober","sp0ck1.com/sp0cktober","sp0ck1",2022-10-12 21:35:27.991921000,
"love","next: !that","sp0ck1",2022-10-12 21:35:41.624590000,
"next:","!that","sp0ck1",2022-10-12 21:36:01.913165000,
"that","Duck!","sp0ck1",2022-10-12 21:36:20.877064000,
"duck","Love that duck!","sp0ck1",2022-10-12 21:36:40.542623000,
"bumble","This Wednesday: Buck Bumble Missions 1-10! Join in!","sp0ck1",2022-10-17 23:37:58.535756000,
"jackbox","Jackbox Party Pack 9 comes out THIS Thursday! We'll try out all the games at least once on that day, then revisit on Saturday for an evening of boxing and jacking!","sp0ck1",2022-10-17 23:38:58.047061000,
"sealw","sealW","thecivilyoshi",2023-03-11 03:40:44.128813000,
"aarggh","Aaaaargh! Chocolate cake aromas be noted starboard off from th' bag. When hot, a pleasant dark chocolate nib bitterness be noted. Mildly nutty flavors be present. When warm, th' black an' oolong grog enhanced th' chocolate an' nutty flavors. Th' oolong also provided jus' th' proper amount o' buttery smoothness t' th' batter. Somehow this blend ended up tastin' like a dark chocolate cake covered in a cinnamon-sugar icin‚Äô. Aaaaargh! Me taking off one star for all the work I had to do this mornin!","hydromedia",2020-09-23 21:43:43.000000000,
"Jennifer","My name is Jennifer Hawk! I'm a chat bot inspired by sg4e's Maikachan. Anyone can add new commands from any channel I'm in by using !set. Try it out!","sp0ck1",2019-10-06 03:18:39.000000000,
"lotro","Scream1 HOW Scream1 LONG Scream1 CAN Scream1 THIS Scream1 GO Scream1 ON Scream1","sg4e",2020-05-23 05:36:21.000000000,
"mafia","tapioca is always red","daro16",2019-10-19 02:15:05.000000000,
"moko","BLBLBLBLBLBLBLBLBLBLBLBLBLBLBLBLBLBL","sp0ck1",2020-04-14 02:02:09.000000000,
"Alex","Gosh, that's wrong","sp0ck1",2019-10-19 06:34:48.000000000,
"anime","AYAYA","doctortimewarp",2020-05-30 15:17:29.000000000,
"ascii","√Ç¬Ø_(√£∆í‚Äû)/√Ç¬Ø","spock",2020-11-30 11:18:02.000000000,
"baby","it's cold outside üçå","sp0ck1",2019-10-06 03:55:20.000000000,
"backseat","üëá üëà üëá üëà üëÜ üëâ üëá üëà üëÜ üëâ üëá üëá üëà üëÜ üëâ üëá üëà üëÜ üëâ üëá üëà üëÜ üëâ üëá üëà üëÜ üëâ üëá üëà üëÜ üëá üëà üëÜ üëâ üëá üëà üëÜ üëâ üëá üëàüëá üëà üëÜ üëâ üëá üëà üëÜ üëâ üëá sorry I dropped my bag of backseaters TehePelo","sg4e",2020-05-09 08:38:23.000000000,
"bandaro","Petition to ban Daro: 1","daro16",2020-07-06 18:21:52.000000000,
"bbc","BIG üçå BANANA üçå CONSTITUENCIES üçå","sg4e",2020-05-21 20:46:02.000000000,
"bbe","üçå BIG üçå BANANA üçå ENERGY üçåhttps://clips.twitch.tv/AmorphousBrightCucumberBleedPurple üçå","sp0ck1",2019-10-25 19:49:49.000000000,
"bbre","BIG sp0ck1Bread BREAD sp0ck1Bread ENERGY sp0ck1Bread","sg4e",2020-05-28 22:03:53.000000000,
"beetle","Ima be honest from a viewers perspective. This is up there with the worst you guys have played. Game just lacks personality I feel. Even the other bad games you've played, with all the jank and rubbish they shove at you. This is just mediocre tracks and mediocre AI.","sp0ck1",2020-05-02 00:04:13.000000000,
"bfe","BIG üçû FLOUR üçû ENERGY üçû","sg4e",2020-07-07 01:25:21.000000000,
"bhe","Big Hawaii Energy","sp0ck1",2020-08-26 18:52:58.000000000,
"bigdipper","Nearly 2 feet of dippable pizza on pan-style crust. The Big Dipper‚Ñ¢ Pizza comes without sauce under the toppings, but is served with 4 dipping sauce cups (2 marinara, 1 Ranch and 1 Honey BBQ) so you can experience different flavors.","Sp0ck1",2020-04-15 17:10:20.000000000,
"boost","Use the boost to get through! üí• ‚úàÔ∏è","hydromedia",2020-10-15 20:15:19.000000000,
"brb","Get that brb off your screen, bud!","spock",2020-12-01 19:25:47.000000000,
"bread","sp0ck1Bread sp0ck1Bread sp0ck1Bread sp0ck1Bread","sp0ck1",2019-10-31 00:12:19.000000000,
"bse","BIG slmLewd SNEEZE slmLewd ENERGY slmLewd","sg4e",2020-05-21 22:37:51.000000000,
"bte","üçµ Big üçµ Tea üçµ Energy üçµ","hydromedia",2020-09-22 18:44:41.000000000,
"bugs","I currently have at least 42 bugs, give or take 26. Check back next to see how many I have in my next build!","sp0ck1",2020-04-29 05:45:35.000000000,
"carssss","üöó","sp0ck1",2019-10-25 20:17:28.000000000,
"cartest","??","sp0ck1",2019-10-25 19:12:12.000000000,
"cfe","CURSED sealWWE FIGHTER sealWWE ENERGY sealWWE","sp0ck1",2020-07-15 21:42:26.000000000,
"chestbeater","@Yimmo_","sg4e",2020-05-15 09:01:44.000000000,
"civ5","tune in to more civ 5 after this stream","daro16",2019-10-13 23:11:20.000000000,
"commander","Sargeant Hawk reporting in o7","spock",2020-11-02 03:47:58.000000000,
"cornkick","https://clips.twitch.tv/AbstemiousFrigidCatTBCheesePull","muk1000",2020-10-16 04:00:23.000000000,
"cya","dab';drop/**/table/**/JenniferHawk.TAPIOCA/**/;insert/**/into/**/JenniferHawk.COMMANDS(COMMAND,TEXT)/**/values('cya2', 'extracommand')","sp0ck1",2019-11-12 21:55:06.000000000,
"daro","I'm Daro (he/him) A European student with a sleep schedule that doesn't exist. I play a lot of video games and I'm a big sports fan (mainly European football and winter sports). I'm mostly known around here for posting questionable takes and tier lists but I have mostly stopped doing that over the last year.","tapioca",2020-07-31 13:03:31.000000000,
"daro16","Norway is the best country","sp0ck1",2020-04-14 01:18:57.000000000,
"darolosscount","Daro16 has lost 1 Mario Party netplay games in a row","daro",2020-05-02 04:01:00.000000000,
"darompn","Daro16 has never won a game of Mario Party netplay","sp0ck1",2019-10-06 03:08:13.000000000,
"darompn2","Daro will win Mario Party netplay someday, guaranteed!","sp0ck1",2019-10-06 14:53:36.000000000,
"darompn3","Daro16 will never win a game of Mario Party Netplay TYCorn","tapioca",2019-10-06 15:32:57.000000000,
"darosleep","The easiest thing is to assume that Daro has been awake for at least 24 hours","daro16",2019-10-19 03:12:19.000000000,
"darthdaro","https://cdn.discordapp.com/attachments/561214998060335104/716494804523155556/unknown.png","daro",2020-05-31 11:15:14.000000000,
"disney","Disney wants to know your location.","sp0ck1",2019-10-22 01:47:44.000000000,
"djinn","HOW üåç LONG üåé CAN üåè THIS üåç GO üåé ON üåè","hydromedia",2020-05-15 15:59:59.000000000,
"dk64time","4:33:51.58","sp0ck1",2020-08-08 17:57:30.000000000,
"dkc","There are monkeys with ass and monkeys with no ass. The ass monkeys are powerful while the no ass monkeys are not. Lizards are trying to steal a crystal from the ass monkeys and the ass monkeys stop the lizards with the help of the no ass monkeys.","yarts",2020-07-31 08:08:32.000000000,
"dmca","GolfSheriff STREAM IS BANNED GolfSheriff","doctortimewarp",2020-11-04 00:11:41.000000000,
"dnd","I play DND every Saturday afternoon at 3PM EST!","sp0ck1",2020-01-25 15:47:07.000000000,
"dropspoon","Oops, let me get that ... BestAngle .. I'll go get a clean one","sg4e",2019-10-06 03:42:01.000000000,
"dtw","DTW loves lewds, I heard :TehePelo:","sp0ck1",2020-04-20 22:44:42.000000000,
"emotes","This is my üî´  this is my :N64:  one is for üë®‚Äçüöí one is for :tpfufun:","sp0ck1",2020-06-04 16:19:00.000000000,
"espanol","no comprendo espanol","krzyforbacon",2020-07-31 08:08:34.000000000,
"eyes",":slmEyes:","sg4e",2020-05-23 19:50:14.000000000,
"fallguys","fall guys is a good time (if the servers are working)","daro16",2020-08-07 13:47:24.000000000,
"fuckit","FUCK IT WE'LL DO IT LIVE","sg4e",2020-09-23 22:51:33.000000000,
"fuckit2","https://www.youtube.com/watch?v=O_HyZ5aW76c","spock",2020-10-15 13:51:33.000000000,
"fuel","Sp0ck1-san! Check the tank it's probably low on gas! AYAYA","hydromedia",2020-10-13 20:53:30.000000000,
"gamerratings","https://www.twitch.tv/sp0ck1/subscribe","krzyforbacon",2020-07-31 12:51:41.000000000,
"github","https://github.com/sg4e","sg4e",2020-05-23 04:33:24.000000000,
"golf","Waialae Country Club > Augusta National","tapioca",2020-04-14 02:41:50.000000000,
"graphics","Hello, I am here to design a layout for your twitch.tv channel!","sp0ck1",2019-10-19 15:12:27.000000000,
"help","use google","krzyforbacon",2020-07-31 08:06:28.000000000,
"hltb‚ÄÑdiddy","You could probably beat Diddy Kong Racing in 2 hours, sg4e. I know you're a gamer!","sg4e",2020-09-11 04:09:34.000000000,
"hobnanigans","Hobnanigans is a treasured pastime of the hobbits from the Shire. They have brought the unique game to the festival grounds north of Bree. What could possibly go wrong when you give a dozen adventurers sticks and put a chicken in the middle?","sp0ck1",2019-10-06 04:26:28.000000000,
"how2code","https://docs.oracle.com/javase/tutorial/","spock",2020-09-03 14:03:27.000000000,
"Hydrosbk","You can do it, Hydromedia!","Sp0ck1",2019-10-03 01:45:09.000000000,
"intellij","Ôº¥Ôº®Ôº•Ôº©ÔºÆÔº¥Ôº•Ôº¨Ôº¨Ôº©Ôº™Ôº¢Ôº•ÔºßÔº©ÔºÆÔº≥Ôº°ÔºÆÔº§Ôº≠ÔºπÔº®Ôº°ÔºÆÔº§Ôº©Ôº≠Ôº≠Ôº•Ôº§Ôº©Ôº°Ôº¥Ôº•Ôº¨ÔºπÔºßÔºØÔº•Ôº≥Ôº¥ÔºØÔº¥Ôº®Ôº•Ôº¶ÔºµÔº¨Ôº¨Ôº≥Ôº£Ôº≤Ôº•Ôº•ÔºÆÔº¢ÔºµÔº¥Ôº¥ÔºØÔºÆ","hydromedia",2020-05-28 22:24:42.000000000,
"is","just a reasonable way to set commands","Sp0ck1",2020-04-14 04:41:17.000000000,
"jail","please send me to jail sir - Spock 2020","daro16",2020-11-13 23:18:44.000000000,
"moko2","ITS SP0CKTOBERüëæüéÉ U KNO WHAT THAT MEANS? üëÄü¶Ü DUCKDODGERS AWARENES MONTH üòØü¶Ü SEND THIS TO 12 OF UR CLOSET GAMERS üë≠üéÆ THAT LOV THAT DUCK ü¶Üüí¶ TRUCKOWEEN üéÉIS UPON US!FORWARD THIS TO 7Ô∏è‚É£ OF THE GIRTHIEST ü•ñGOLFERSüèåüèº‚Äç‚ôÇÔ∏èTHAT YOU KNO WILL GET SOME üëâüèΩ‚õ≥Ô∏è SOON!IF U DONT BE PREPARE üë®üèº‚Äçü¶≥ FO üá≥6Ô∏è‚É£4Ô∏è‚É£ DAYS OF BAD MANIA‚ö†Ô∏è","sg4e",2020-10-01 19:03:40.000000000,
"morenothings","more-no? more like... porno!","yarts",2020-10-12 19:43:06.000000000,
"muk100","Huge muscles and crotch bulges","sp0ck1",2020-04-02 03:08:07.000000000,
"multi","https://www.multitwitch.tv/shoehorse/sp0ck1/poptart_cat","sg4e",2020-05-15 01:06:04.000000000,
"my","red","sp0ck1",2020-04-07 05:03:40.000000000,
"n","vape nation","sp0ck1",2019-10-17 02:37:06.000000000,
"n64mania","This week's N64Mania game is Banjo-Kazooie! The race starts at around noon EST.","hydromedia",2020-10-16 03:53:30.000000000,
"n64mc","N64mania is permanetly cancelled from this day","daro16",2019-10-16 18:21:42.000000000,
"n64origin","N64mania was started by the 3 founders Sp0ck1, tapioca and sg4e on a faithful night back in August 2019. The first game to be apart of N64mania was Pilotwings 64 on August 2nd.","daro",2020-04-29 19:04:12.000000000,
"nabs","new voise for nabs","yarts",2020-10-12 19:47:38.000000000,
"netplay","netplay tonight anyone ? no just me ?","daro16",2020-04-14 02:06:11.000000000,
"ohisee","this AYAYA","sg4e",2020-09-11 03:53:40.000000000,
"oneday","One day a good game will be played on N64mania","daro16",2019-10-19 01:37:56.000000000,
"onlyfans","https://www.twitch.tv/sp0ck1/subscribe","daro16",2020-08-12 15:43:59.000000000,
"oops","??","sp0ck1",2019-10-13 23:09:01.000000000,
"oracle","https://www.supremecourt.gov/DocketPDF/18/18-956/133505/20200219153012820_Brief.pdf","Sp0ck1",2020-04-15 08:36:17.000000000,
"pieDaddy","pieDaddy","hydromedia",2019-10-13 23:09:22.000000000,
"playlist","This playlist needs more xenoblade music","Daro16",2019-10-06 14:55:30.000000000,
"plebtest","PLEASE COPY PASTE THIS FOR YOUR MONTHLY PLEB TEST: ‚úì amazW ‚úì krippW ‚úì trumpW ‚úì btsLdW ‚úì reynadW ‚úì kolentoW ‚úì bajW ‚úì btsKotlW ‚úì dewW ‚úì emjaneW ‚úì forsenW ‚úì krippW ‚úì mitchW ‚úì singsingFcuk ‚úì reckW ‚úì sodaW ‚úì btsGodzW ‚úì merliniHappyMerlini ‚úì taymooW ‚úì rtzW ‚úì admiralW ‚úì envySwag ‚úì sumailKappa ‚úì btsMerliniW ‚úì wtrWtR ‚úì dagerDendi ‚úì ppdSalt ‚úì fearGASM ‚úì singsingP ‚úì fluffyW ‚úì ratW ‚úì Pleb test passed","sg4e",2020-04-19 16:58:11.000000000,
"princest","Blessed be the Prince Street.","sp0ck1",2020-05-25 02:33:54.000000000,
"questionable","will daro bop this?","krzyforbacon",2020-07-31 13:10:10.000000000,
"randomcutie","https://cdn.discordapp.com/attachments/561214998060335104/713191306133766144/9nn9bjswlo531.jpg","daro",2020-05-21 20:48:14.000000000,
"randomlewdie","sg4e wants his joke back","daro",2020-04-20 22:49:55.000000000,
"readingface",":sp0ck1Read:","sp0ck1",2020-06-04 15:27:41.000000000,
"rigged","THIS IS SO RIGGED!","yarts",2020-05-30 04:04:26.000000000,
"roll","ü•ñ","sg4e",2020-04-01 22:44:55.000000000,
"rollin64","""Its rolln64 you ding dong"" - Daro16","daro",2020-07-12 10:16:49.000000000,
"rolln64","Mario Tennis","spock",2020-11-16 18:09:57.000000000,
"rush","Rushhhhh","sp0ck1",2020-10-16 21:41:15.000000000,
"sand","I don't like sand, its coarse and rough and irritating and it gets everywhere.","daro16",2020-08-21 16:13:42.000000000,
"schoolwork","schoolwork SagiriBleh","sg4e",2019-10-13 23:11:52.000000000,
"scoot","make sure to check out tapioca running RFS at gdq 2020","daro16",2019-10-16 18:23:46.000000000,
"scootnanigans","Razor Freestyle Scooter is a treasured past-time of the Tapiocas from the Shire. They have brought this fun and unique game to the Nintendo 64 and Blockbuster. What could possibly go wrong when you give a blond child a scooter in order to save his friends?","sp0ck1",2019-10-06 04:53:01.000000000,
"sg4e","i like how the cape makes his tits look so much bigger.","daro16",2020-05-21 21:35:23.000000000,
"shrimp","Wow, that's a lot of shrimp! At Red Lobster for a limited time enjoy 30 shrimp for $10.99! What sounds good to you folks tonight? 30 shrimp, please. Great choice! With lemon pepper shrimp, succulent scampi, delicious grilled shrimp and our fantastic fried shrimp, that's FOUR different kinds! 30 shrimp on one plate just $10.99! And only at one place: Only at Red Lobster. And kids get shrimp too. A complete meal, just a dollar ninety nine.","sp0ck1",2019-10-06 04:28:16.000000000,
"shrug","¬Ø\_(„ÉÑ)_/¬Ø","spock",2020-11-30 11:18:24.000000000,
"sleep","What is a sleep schedule? - Albert Einstein","daro16",2020-11-13 23:22:03.000000000,
"sm64ds","racing sm64ds is and always will be a mistake","Daro",2020-04-16 14:18:00.000000000,
"smilers","üòÉ","sp0ck1",2020-06-04 15:27:14.000000000,
"sneeze","Bless you!","sp0ck1",2019-10-19 17:28:57.000000000,
"spy","I'm sending all of your secrets back to sp0ck1 :)","sp0ck1",2019-10-11 19:52:21.000000000,
"sr","Thank you for requesting a song! It's been added to the playlist AYAYA","sg4e",2019-10-22 22:53:22.000000000,
"steep","Sp0ck1-san! Check the tea it's probably oversteeping! AYAYA","hydromedia",2020-10-13 20:52:30.000000000,
"tapioca","TYCorn","doctortimewarp",2020-10-12 19:40:14.000000000,
"tea","cold it","hydromedia",2020-10-13 18:23:04.000000000,
"tehepelo",":TehePelo:","sp0ck1",2020-04-20 23:05:51.000000000,
"test‚ÄÇtest","hmmmm","sg4e",2020-09-11 04:01:36.000000000,
"test‚ÄÑwhat","oh","sg4e",2020-09-11 04:03:13.000000000,
"test42","??","sp0ck1",2019-10-25 02:59:51.000000000,
"testcar","üöó","sp0ck1",2019-10-25 19:49:09.000000000,
"testingbun","AYAYA","sp0ck1",2019-11-02 02:41:54.000000000,
"testingcar","Ahem","sp0ck1",2019-10-25 20:00:16.000000000,
"this","beef","sp0ck1",2020-04-07 05:03:30.000000000,
"x","Please fix me so this doesn't work anymore, sp0ck1.","sp0ck1",2019-10-22 20:29:43.000000000,
"yarts","happy birthday","sp0ck1",2019-10-26 04:47:52.000000000,
"yo","jennifer","sp0ck1",2019-11-18 18:35:06.000000000,
"oracletest","This is a test of the Oracle Broadcasting System (Iinserted this command manually to check syntax)","sp0ck1",2020-12-23 14:45:56.194850000,
"smileyseverywhere","üòÄüò∂ü¶Éüïäüê£","spock",2020-12-23 15:05:32.179495000,
"howmanybananas","üçå","sp0ck1",2020-12-23 15:07:27.956765000,
"identify","oracle","sp0ck1",2020-12-23 15:08:46.067647000,
"jamesdean","I'm a database","sp0ck1",2021-01-02 14:06:49.974315000,
"specials","Darkslide: left-right ^; 540 Flip: left-up B; Kickflip Mctwist: right-down >;","sp0ck1",2021-01-16 02:01:16.813555000,
"exploits","https://media.discordapp.net/attachments/596250466464170006/799923650949414912/unknown.png","spock",2021-01-18 00:05:57.447226000,
"daro1","https://media.discordapp.net/attachments/596250466464170006/799918528999981056/unknown.png","spock",2021-01-18 00:06:17.523192000,
"daro3","https://media.discordapp.net/attachments/596250466464170006/799918793144008724/unknown.png","spock",2021-01-18 00:06:34.421368000,
"daro5","https://media.discordapp.net/attachments/596250466464170006/799919041488748574/unknown.png","spock",2021-01-18 00:07:05.979099000,
"daro4","https://media.discordapp.net/attachments/596250466464170006/799918941434675220/unknown.png","spock",2021-01-18 00:07:17.701020000,
"hiraganatest","„Å≤„Çâ„Åå„Å™","spock",2021-01-25 05:02:46.433069000,
"testimplement","Add this!","sp0ck1",2021-01-30 00:40:40.428032000,
"nostalgia","√Ç¬Ø_(√£∆í‚Äû)/√Ç¬Ø_7k","sp0ck1",2021-02-07 06:02:45.285751000,
"linki'm","Link (he/him) A Hylian hero with a sleep schedule that doesn't exist. I'm in a lot of video games and I'm a big sports fan (mainly horseback riding and archery). I'm mostly known around here for saving the kingdom of Hyrule and having a fairy named Navi but I have mostly stopped doing that over the last year.","spock",2021-02-11 03:06:20.904468000,
"modtestalpha","/timeout 100 hydromedia","sp0ck1",2021-02-22 10:54:37.987099000,
"!capitalism","FARMER'S WHEAT :Sp0ck1Bread:  MILLER'S FLOUR :Sp0ck1Bread:  BAKER'S OVEN :Sp0ck1Bread:  CONSUMERS' MONEY :Sp0ck1Bread:  FREE CAPITALISM :Sp0ck1Bread:","doctortimewarp",2021-02-23 01:30:08.204276000,
"boatrace","02:09:857","sp0ck1",2021-02-24 22:27:08.423047000,
"starcuptime","9:15:834","sp0ck1",2021-02-24 23:07:47.000715000,
"hltb‚ÄÑpokemon","You could probably beat Pok√©mon Puzzle League in 12 minutes, sg4e. I know you're a gamer!","sg4e",2021-03-02 10:46:10.981028000,
"utf8mb4","This sure is UTF-8 alright","spock",2020-12-23 15:04:00.029769000,
"daro7","https://media.discordapp.net/attachments/596250466464170006/799919293126803467/unknown.png","spock",2021-01-18 00:07:43.306617000,
"mm1","FUZE, 4 coins","sp0ck1",2021-01-18 06:42:19.287836000,
"link","I'm Link (he/him) A Hylian hero with a sleep schedule that doesn't exist. I'm in a lot of video games and I'm a big sports fan (mainly horseback riding and archery). I'm mostly known around here for saving the kingdom of Hyrule and having a fairy named Navi but I have mostly stopped doing that over the last year.","sp0ck1",2021-02-10 23:05:02.614690000,
"testingtest","This IS a test","sanevin",2021-02-10 23:23:10.671503000,
"princest1","Blessed be the Prince Street. Beseech thou not the theme park Pizza, but to all may Pizza be given. Should any man doth desire the holy Dough, lo may he behold in his arms the glorious Pie. Let not ye hungering wastrel wander in the wastes, allow him to come into your domain and thus be greeted with the Holy Vessel. Indeed, shoulds't thou wander in the wastes and come upon a bazaar with profane Pizza, ask ye not why the Prince Street hast forsaken thee.","sp0ck1",2021-02-13 05:36:29.589160000,
"cave","Is this a cave?","daro16",2021-03-13 01:55:39.018480000,
"thisisfrom","https://media.discordapp.net/attachments/596250466464170006/822285444065525850/unknown.png","spock",2021-03-19 01:49:10.550905000,
"racetime","https://racetime.gg/dkc/disco-yoshi-4149","sp0ck1",2021-03-20 17:35:06.968272000,
"spring","tl;dr Spring brings a whole new slew of incentives to the channel @ 25, 50, 75, and 100 subs, culminating in a first play of Breath of the Wild! Read about it here: https://sp0ck1.com/planning/spring-into-the-wild.html","sp0ck1",2021-03-24 23:49:26.124133000,
"bgd","https://cdn.discordapp.com/attachments/561214998060335104/825600455001374725/slmBGD.png","daro16",2021-03-28 05:22:07.003217000,
"bigbabypark","Daro hates this track","daro16",2021-04-11 03:24:09.365011000,
"goals","https://pastebin.com/nimnF87B","sp0ck1",2021-04-17 01:29:11.668231000,
"lightning","Is there a Mortal Kombat move stronger than Backwards Lightning?

And I'm referring to God of Lightning Raiden's Non Crouch Canceled Backwards Lightning with the Extreme Turnaround Frame Cancel and Lightning Arc Wakeup (with the Ultimate Stand ability) equipped with his Straw Hat and Raiden Raiment, a complete Chad, with the Omega Arc DNA implanted in his chest so he can perform Repeated Forward Punches and High Jump Kicks repeatedly as well as being followed up with Searing Forward Lightning of","hydromedia",2021-04-24 01:53:32.689495000,
"mines","‚õèÔ∏è HOW ‚õèÔ∏è LONG ‚õèÔ∏è CAN ‚õèÔ∏è THIS ‚õèÔ∏è GO ‚õèÔ∏è ON ‚õèÔ∏è","daro16",2021-04-27 23:14:32.442708000,
"mspac","Cleopactra, mummy dearest, freezer burn, year of the pac, pac crackle pop, creature feature, or watch your pac","sp0ck1",2021-04-28 22:57:05.780580000,
"jtb","Jake the boy at just taco bell","daro16",2021-05-02 05:38:16.147959000,
"bog?","A fen is a type of peat-accumulating wetland fed by mineral-rich ground or surface water. It is one of the main types of wetlands along with marshes, swamps, and bogs. Bogs and fens, which are both peat-forming ecosystems, are also known as mires.","hydromedia",2021-05-10 22:03:25.856011000,
"clues","https://sp0ck1.com/crosswords/Jul0421.pdf","sp0ck1",2021-06-06 06:10:09.513079000,
"fritos","https://media.discordapp.net/attachments/648732936551530496/852004034297987122/unknown.png","sp0ck1",2021-06-09 02:33:23.341855000,
"tasukete","N64Mania has been sent to a parallel universe for the month of October where we haven't played several games. This is titled Help ÔºÅÔºÅ I'm Trapped In An Alternate Dimension I Can Only Escape By Being A God Gamer ÔºÅÔºÅ or ÔºÅÔºÅÂä©„Åë„Å¶ÔºÅÔºÅ‰ø∫„ÅåÁ•û„Ç≤„Éº„Éû„Å´„Å™„Çâ„Å™„ÅÑ„Å®ÈÄÉ„Åí„Çâ„Çå„Å™„ÅÑÁï∞‰∏ñÁïå„Å´Âºï„Å£Êéõ„Åë„Å°„ÇÉ„ÅÑ„Åæ„Åó„ÅüÔºüÔºÅÔºÅ","sp0ck1",2021-10-09 01:04:42.824975000,
"automoballi","I'll never understand how automoballi baseball teams allow batters that just....miss...hits. I feel like there has to be pools of batters in the USA that won't miss simple hits. Or fielders that won't mess the throws idk man it seems so SILLY. Would love opinions on this.","sp0ck1",2021-07-08 06:51:49.748091000,
"daro8","https://media.discordapp.net/attachments/699529395135578232/930181202361585714/unknown.png","spock",2021-11-20 09:37:19.993325000,
"formerfawn","A formerfawn is what you call a person who used to be a deer.","spock",2021-12-03 20:18:40.356611000,
"daro9","https://media.discordapp.net/attachments/699529395135578232/924064399101153370/unknown.png","spock",2021-12-24 22:22:01.180530000,
"confession","I seem to have lost my copy of Breath of the Wild :O","sp0ck1",2021-12-28 23:51:23.850358000,
"intrusive","It's over between us! https://media.discordapp.net/attachments/699529395135578232/950619736935370772/unknown.png","spock",2022-03-08 05:03:27.057541000,
"daroquote1","Sounds like a lot of work when I can just quit it instead - Daro16, March 3rd","daro16",2022-03-09 23:26:27.189887000,
"hltb‚ÄÑgoof","You can beat Goof Troop in 30 minutes, sg4e, and less than 1 hour to carry someone through co-op. I know you're a gamer!","sg4e",2022-04-03 01:08:16.922474000,
"iji","https://www.remar.se/daniel/iji.php","sp0ck1",2022-06-02 01:01:33.935424000,
"tvlist","Speed Racer
Batman Beyond: Return of the Joker
A Bug's Life (I can't wait tbh)
I wonder if Rogue One makes sense bc Rogue Squadron lol
Some early Pokemon maybe/the first movie
Kirby Right Back At Ya????
Toy Story 2
Power Rangers
Disney's Tarzan
Spider Man (...)
Donald Duck
Duck Dodgers (the better duck)
Tigger??? Can we watch Pooh
Here's an interview about Cruis'n USA with some director guy who worked on it lol https://www.youtube.com/watch?v=8J6oTru-1cg
Donkey Kong cartoon?
Blues Brothers & Blues Brothers 2000
Ms Pac Man has that cartoon right
Rugrats
Elmo
Mortal Kombat movie
Star Wars: Episode 1? It's right there in the name of two games","spock",2022-07-18 03:54:22.655444000,
"jazz","That's jazz, baby!","spock",2022-09-05 08:23:59.068632000,
"convoy","room: Seal Goodman pass: shoehorse","sp0ck1",2022-10-01 23:03:15.376843000,
"chambino","This Is Spocco Square Don't catch you slippin' now Don't catch you slippin' now Look what I'm whippin' now This is Spocco Square (woo)","sp0ck1",2022-10-05 22:07:57.688217000,
"use","https://shoehorse.net/use-bs","sp0ck1",2022-10-08 18:36:51.743106000,
"buck","Tonight! 7pm Wednesday October 19: Buck Bumble Missions 1-10!","sp0ck1",2022-10-19 22:16:36.897688000,
"@clyde","@Clyde please tell me a new n64 game to play","spock",2023-04-16 20:24:47.605230000,
"daro2","https://media.discordapp.net/attachments/596250466464170006/799918640912007168/unknown.png","spock",2021-01-18 00:06:25.732585000,
"daro6","https://media.discordapp.net/attachments/596250466464170006/799919235999989760/unknown.png","spock",2021-01-18 00:07:35.106955000,
"shrugme","¬Ø\_(„ÉÑ)_/¬Ø","spock",2021-01-25 05:03:15.801895000,
"!banger","catJAM BANGER ALERT catJAM","doctortimewarp",2021-02-10 01:03:13.386755000,
"princest2","Thou art blessed for the Pizza Patron has blessed thee with a vessel of the Holy Dough. Lament not upon inferior Tomatoes lest ye be left in wanting. Blessed be the Prince Street Pizza, and blessed be the Pizza Patron who brings not only the Holy Exalted Prince Street Pizza, but even the lowest of Pies upon our countenance.","sp0ck1",2021-02-13 05:36:43.711888000,
"link2","I'm Link (he/him) A Hylian hero with a sleep schedule that doesn't exist. I'm in a lot of video games and I'm a big sports fan (mainly horseback riding and archery). I'm mostly known around here for saving the kingdom of Hyrule and having a fairy named Navi but I have mostly stopped doing that over the last year.","sp0ck1",2021-02-10 22:01:18.206240000,
"some","no more whammies","sp0ck1",2021-02-10 23:16:55.942741000,
"capitalism","FARMER'S WHEAT :Sp0ck1Bread:  MILLER'S FLOUR :Sp0ck1Bread:  BAKER'S OVEN :Sp0ck1Bread:  CONSUMERS' MONEY :Sp0ck1Bread:  FREE CAPITALISM :Sp0ck1Bread:","daro",2021-02-23 02:30:06.161470000,
"hltb‚ÄÑpok","You could probably beat Pok√©mon Puzzle League in 12 minutes, sg4e. I know you're a gamer!","sg4e",2021-03-02 10:45:32.748318000,
"look","Look all you have to do is make a gigantic wall of text so big that spock will have to spend at least long enough to flip the truck during. While he reads the paragraph make sure to put in more paragraphs so he feels like it's a large discussion he has to keep track of. :pieLogic:","sanevin",2021-05-24 15:00:17.406322000,
"selections","We're reading chapters 1-3 of Peter Pan in Kensington Gardens, where he's a baby or something? I'll be highlighting things as possible because I need to pick out some quotes from it afterward. If there is somehow time today, we'll also move on to Peter and Wendy, the traditional ""Peter Pan"" story. But I have a quiz to do so this probably has to wait.","sp0ck1",2021-10-03 02:46:27.936951000,
"vote1","Sorry, I hate that one so you can't vote for it.","spock",2022-02-08 23:27:02.301455000,
"vote2","I've heard this one has a cheat that lets you see boobs, so no.","spock",2022-02-08 23:27:14.829371000,
"vote3","How many licks does it take to tell you that I'm not going to allow you to vote for this game? Three! One. Two. No.","spock",2022-02-08 23:27:51.790557000,
"vote4","I know you might _think_ that you want this, but trust me, you're better off if I don't let you do this.","spock",2022-02-08 23:28:16.295479000,
"vote5","I played this game back in 2008. This is an allowable vote.","spock",2022-02-08 23:28:44.551541000,
"dwons","https://steamcommunity.com/sharedfiles/filedetails/?id=1619024877","sp0ck1",2022-12-15 01:41:12.652968000,
"hello","\:Sp0ck1Wave:","spock",2023-05-03 21:15:02.897757000,
